"Account","Policy","State","Status","Via"
"bg-admin01@paulhwangsec.onmicrosoft.com","CA001-Require-MFA-Admins","On","OK: excluded","Direct user exclusion"
"bg-admin01@paulhwangsec.onmicrosoft.com","CA002-Require-MFA-AllUsers","On","OK: excluded","Group: SG-Emergency-Access"
"bg-admin01@paulhwangsec.onmicrosoft.com","CA003-Block-Legacy-Auth","Report-only","OK: excluded","Group: SG-Emergency-Access"
"bg-admin01@paulhwangsec.onmicrosoft.com","CA004-Block-High-SignIn-Risk","On","OK: excluded","Direct user exclusion"
"bg-admin01@paulhwangsec.onmicrosoft.com","CA005-Require-Compliant-Device","Off","OK: excluded","Group: SG-Emergency-Access"
"bg-admin01@paulhwangsec.onmicrosoft.com","CA006-MFA-Office365-Only","On","OK: excluded","Group: SG-Emergency-Access"
"bg-admin01@paulhwangsec.onmicrosoft.com","CA007-Block-Mobile-Outside-US","Report-only","OK: not targeted",""
"bg-admin02@paulhwangsec.onmicrosoft.com","CA001-Require-MFA-Admins","On","OK: excluded","Direct user exclusion"
"bg-admin02@paulhwangsec.onmicrosoft.com","CA002-Require-MFA-AllUsers","On","OK: excluded","Group: SG-Emergency-Access"
"bg-admin02@paulhwangsec.onmicrosoft.com","CA003-Block-Legacy-Auth","Report-only","OK: excluded","Group: SG-Emergency-Access"
"bg-admin02@paulhwangsec.onmicrosoft.com","CA004-Block-High-SignIn-Risk","On","NOT EXCLUDED","All users"
"bg-admin02@paulhwangsec.onmicrosoft.com","CA005-Require-Compliant-Device","Off","OK: excluded","Group: SG-Emergency-Access"
"bg-admin02@paulhwangsec.onmicrosoft.com","CA006-MFA-Office365-Only","On","OK: excluded","Group: SG-Emergency-Access"
"bg-admin02@paulhwangsec.onmicrosoft.com","CA007-Block-Mobile-Outside-US","Report-only","OK: not targeted",""
