"User","UPN","Status","FullCoverage","PartialCoverage"
"Aisha Khan","aisha.khan@paulhwangsec.onmicrosoft.com","Covered","CA002-Require-MFA-AllUsers","CA006-MFA-Office365-Only [apps: Office 365 (app group)]"
"Emergency Access 01","bg-admin01@paulhwangsec.onmicrosoft.com","Not covered (break-glass, expected)","",""
"Emergency Access 02","bg-admin02@paulhwangsec.onmicrosoft.com","Not covered (break-glass, expected)","",""
"Derek Nguyen","derek.nguyen@paulhwangsec.onmicrosoft.com","Covered","CA002-Require-MFA-AllUsers","CA006-MFA-Office365-Only [apps: Office 365 (app group)]"
"James Carter","james.carter@paulhwangsec.onmicrosoft.com","Covered","CA002-Require-MFA-AllUsers","CA006-MFA-Office365-Only [apps: Office 365 (app group)]"
"Linda Park","linda.park@paulhwangsec.onmicrosoft.com","Covered","CA002-Require-MFA-AllUsers","CA006-MFA-Office365-Only [apps: Office 365 (app group)]"
"Maria Lopez","maria.lopez@paulhwangsec.onmicrosoft.com","Covered","CA002-Require-MFA-AllUsers","CA006-MFA-Office365-Only [apps: Office 365 (app group)]"
"Paul Hwang","PaulHwang@paulhwangsec.onmicrosoft.com","Covered","CA001-Require-MFA-Admins; CA002-Require-MFA-AllUsers","CA006-MFA-Office365-Only [apps: Office 365 (app group)]"
"Raj Patel","raj.patel@paulhwangsec.onmicrosoft.com","Partial","","CA006-MFA-Office365-Only [apps: Office 365 (app group)]"
"Sarah Kim","sarah.kim@paulhwangsec.onmicrosoft.com","Covered","CA002-Require-MFA-AllUsers","CA006-MFA-Office365-Only [apps: Office 365 (app group)]"
"Tom Becker","tom.becker@paulhwangsec.onmicrosoft.com","Partial","","CA006-MFA-Office365-Only [apps: Office 365 (app group)]"
