"Policy","State","Type","Name","Detail"
"CA001-Require-MFA-Admins","On","User","Emergency Access 01 (bg-admin01@paulhwangsec.onmicrosoft.com)",""
"CA001-Require-MFA-Admins","On","User","Emergency Access 02 (bg-admin02@paulhwangsec.onmicrosoft.com)",""
"CA002-Require-MFA-AllUsers","On","Group","SG-Emergency-Access","2 member(s): Emergency Access 01, Emergency Access 02"
"CA002-Require-MFA-AllUsers","On","Group","SG-MFA-Exempt","2 member(s): Tom Becker, Raj Patel"
"CA003-Block-Legacy-Auth","Report-only","Group","SG-Emergency-Access","2 member(s): Emergency Access 01, Emergency Access 02"
"CA003-Block-Legacy-Auth","Report-only","Group","SG-Legacy-Auth-Exceptions","EMPTY GROUP"
"CA004-Block-High-SignIn-Risk","On","User","Emergency Access 01 (bg-admin01@paulhwangsec.onmicrosoft.com)",""
"CA005-Require-Compliant-Device","Off","Group","SG-Emergency-Access","2 member(s): Emergency Access 01, Emergency Access 02"
"CA006-MFA-Office365-Only","On","Group","SG-Emergency-Access","2 member(s): Emergency Access 01, Emergency Access 02"
"CA007-Block-Mobile-Outside-US","Report-only","Location","Allowed-Countries-US",""
